{
	"registries": [
		{
			"kind": "artifact",
			"location": "https://aka.ms/vcpkg-ce-default",
			"name": "microsoft"
		},
		{
			"kind": "artifact",
			"location": "https://artifacts.tools.arm.com/vcpkg-registry",
			"name": "arm"
		}
	],
	"requires": {
		"arm:tools/kitware/cmake": "^3.25.2",
		"arm:tools/ninja-build/ninja": "^1.10.2",
		"arm:compilers/arm/armclang": "^6.19.0",
		"arm:tools/open-cmsis-pack/cmsis-toolbox": "2.5.0",
		"microsoft:compilers/arm-none-eabi-gcc": "* 10.3.1-2021.10"
	}
}